{"class_log_prior_": [-1.47330573810952, -1.3862943611198904, -1.2321436812926323, -1.47330573810952], "feature_log_prob_": [[-4.9627119876695565, -4.750579969522251, -5.3303653279592975, -5.3303653279592975, -5.3303653279592975, -5.3303653279592975, -5.3303653279592975, -4.79447863968278, -4.067519056633037, -5.3303653279592975, -5.3303653279592975, -5.3303653279592975, -4.88056933791593, -4.701155806823873, -4.43249180616707, -5.3303653279592975, -5.3303653279592975, -5.3303653279592975, -5.3303653279592975, -4.28871746284029, -5.3303653279592975, -5.3303653279592975, -4.701155806823873, -5.3303653279592975, -4.937980970122733, -5.3303653279592975, -4.471364018488213, -5.3303653279592975, -5.3303653279592975, -5.3303653279592975, -5.3303653279592975, -5.3303653279592975, -5.3303653279592975, -5.3303653279592975, -4.5576369040490565, -5.3303653279592975, -5.3303653279592975, -4.765340381778679, -5.3303653279592975, -5.3303653279592975, -5.3303653279592975, -5.3303653279592975, -5.3303653279592975, -5.3303653279592975, -5.3303653279592975, -5.3303653279592975, -5.3303653279592975, -5.3303653279592975, -4.538468117496402, -4.011021618174098, -5.3303653279592975, -5.3303653279592975, -5.3303653279592975, -3.881618484203605, -5.3303653279592975, -5.3303653279592975, -4.538468117496402, -5.3303653279592975, -5.3303653279592975, -5.3303653279592975, -4.750579969522251, -5.3303653279592975, -4.395906901992783, -5.3303653279592975, -5.3303653279592975, -5.3303653279592975, -5.3303653279592975, -4.931481520784932, -4.521283776860841, -5.3303653279592975, -4.6446670987554315, -5.3303653279592975, -5.3303653279592975, -5.3303653279592975, -4.701155806823873, -4.514974683260052, -4.742414837224374, -5.3303653279592975, -4.463526766241403, -5.3303653279592975, -4.742414837224374, -5.3303653279592975, -4.750579969522251, -4.727964035632077, -5.3303653279592975, -5.3303653279592975, -5.3303653279592975, -5.107978958232062, -5.3303653279592975, -4.937980970122733, -4.742414837224374, -5.000836094445677, -5.3303653279592975, -5.3303653279592975, -5.3303653279592975, -4.463526766241403, -5.3303653279592975, -5.3303653279592975, -5.3303653279592975, -5.3303653279592975, -5.3303653279592975, -5.3303653279592975, -4.894035395051276, -5.3303653279592975, -5.3303653279592975, -5.3303653279592975, -5.3303653279592975, -5.3303653279592975, -5.3303653279592975, -5.3303653279592975, -5.3303653279592975, -5.3303653279592975, -4.750579969522251, -5.3303653279592975, -5.3303653279592975, -5.3303653279592975, -4.851961013169904, -5.3303653279592975, -5.3303653279592975, -4.43249180616707, -5.3303653279592975, -5.3303653279592975, -5.3303653279592975, -4.701155806823873, -5.3303653279592975, -4.538468117496402, -4.937980970122733, -5.3303653279592975, -4.1521062088193315, -5.3303653279592975, -4.750579969522251, -4.420529831307296, -4.945547709030135, -5.3303653279592975, -4.538468117496402, -5.3303653279592975, -4.471364018488213, -4.6446670987554315, -5.3303653279592975, -4.154386793510868, -5.3303653279592975, -4.79447863968278, -5.3303653279592975, -4.120633956714347, -4.471364018488213, -5.3303653279592975, -5.3303653279592975, -5.3303653279592975], [-5.343481302584516, -5.343481302584516, -4.964241688266909, -5.343481302584516, -4.46593798618756, -4.65617068271572, -5.343481302584516, -4.714570709704369, -4.383007618410985, -5.343481302584516, -5.343481302584516, -4.954264690732505, -4.22203160168302, -5.343481302584516, -5.343481302584516, -5.343481302584516, -5.343481302584516, -5.343481302584516, -5.343481302584516, -4.634548458390886, -4.386257026573578, -5.343481302584516, -5.343481302584516, -5.343481302584516, -5.343481302584516, -5.343481302584516, -5.343481302584516, -5.343481302584516, -5.343481302584516, -5.343481302584516, -4.519498444686442, -4.500514820841771, -5.343481302584516, -5.343481302584516, -5.343481302584516, -4.363454067608995, -5.343481302584516, -4.055359961560464, -5.343481302584516, -5.343481302584516, -4.626045337435093, -5.343481302584516, -5.343481302584516, -4.386257026573578, -5.343481302584516, -5.343481302584516, -4.110201864812499, -5.343481302584516, -5.343481302584516, -5.343481302584516, -5.343481302584516, -5.343481302584516, -4.964241688266909, -5.343481302584516, -5.343481302584516, -5.343481302584516, -5.343481302584516, -4.964241688266909, -5.343481302584516, -5.343481302584516, -5.343481302584516, -4.492367134408381, -4.026728906310874, -5.343481302584516, -3.930875401346916, -5.343481302584516, -4.465144763038056, -4.691352926489952, -5.343481302584516, -5.343481302584516, -5.343481302584516, -5.343481302584516, -5.343481302584516, -4.465144763038056, -5.343481302584516, -5.343481302584516, -5.343481302584516, -5.343481302584516, -5.343481302584516, -5.343481302584516, -5.343481302584516, -5.343481302584516, -5.343481302584516, -4.060638198548409, -5.343481302584516, -5.343481302584516, -5.343481302584516, -4.909979473339976, -5.343481302584516, -5.343481302584516, -5.343481302584516, -5.343481302584516, -5.343481302584516, -5.343481302584516, -5.343481302584516, -5.343481302584516, -5.343481302584516, -5.343481302584516, -5.343481302584516, -5.343481302584516, -4.882406728241397, -5.343481302584516, -5.343481302584516, -5.343481302584516, -5.343481302584516, -5.343481302584516, -4.46593798618756, -5.343481302584516, -5.343481302584516, -3.8624140563478324, -4.465144763038056, -5.343481302584516, -5.343481302584516, -5.343481302584516, -5.343481302584516, -5.343481302584516, -4.745045174116469, -4.65617068271572, -5.343481302584516, -5.343481302584516, -4.519498444686442, -4.500514820841771, -4.626045337435093, -5.343481302584516, -5.343481302584516, -5.343481302584516, -5.343481302584516, -5.343481302584516, -4.220993489998829, -5.343481302584516, -5.343481302584516, -4.648509269409019, -5.343481302584516, -4.964241688266909, -5.343481302584516, -5.343481302584516, -5.343481302584516, -5.343481302584516, -5.343481302584516, -5.343481302584516, -5.343481302584516, -5.343481302584516, -4.465144763038056, -4.287682453068838, -5.343481302584516, -4.519498444686442, -5.343481302584516, -3.8624140563478324], [-4.589862341894445, -5.3888365253324055, -5.3888365253324055, -5.3888365253324055, -5.3888365253324055, -5.3888365253324055, -5.3888365253324055, -5.3888365253324055, -4.13506997754792, -4.793046159569942, -4.550534793658755, -4.560418218983412, -4.9326473724402895, -5.3888365253324055, -5.3888365253324055, -4.793046159569942, -4.481969275634533, -4.481969275634533, -5.3888365253324055, -5.3888365253324055, -5.3888365253324055, -4.735723723755872, -5.3888365253324055, -5.3888365253324055, -5.3888365253324055, -4.793046159569942, -5.3888365253324055, -5.3888365253324055, -5.3888365253324055, -5.3888365253324055, -5.3888365253324055, -5.3888365253324055, -5.3888365253324055, -4.490581442302419, -5.3888365253324055, -5.3888365253324055, -4.559369261172349, -3.892232846937535, -5.3888365253324055, -4.474364404335078, -5.3888365253324055, -5.3888365253324055, -4.735723723755872, -5.3888365253324055, -5.3888365253324055, -4.420937492255323, -5.3888365253324055, -5.3888365253324055, -5.3888365253324055, -5.3888365253324055, -4.735723723755872, -4.481969275634533, -5.3888365253324055, -5.3888365253324055, -5.3888365253324055, -4.481969275634533, -5.3888365253324055, -5.3888365253324055, -4.550534793658755, -5.3888365253324055, -5.3888365253324055, -4.363472476408493, -4.018930221642456, -5.3888365253324055, -5.3888365253324055, -4.136126610884393, -5.3888365253324055, -4.984145743642809, -5.3888365253324055, -4.52921303308321, -4.549672488937059, -5.3888365253324055, -4.52921303308321, -5.3888365253324055, -5.3888365253324055, -4.557820933785157, -5.3888365253324055, -5.3888365253324055, -5.3888365253324055, -5.3888365253324055, -5.3888365253324055, -5.3888365253324055, -5.3888365253324055, -4.74789593855248, -5.3888365253324055, -4.52921303308321, -5.3888365253324055, -4.537047090442813, -4.420937492255323, -5.3888365253324055, 